{
    "num": 1319,
    "accuracy": 0.02350265352539803,
    "time": "309.70 seconds",
    "average_generation_time": 0.827823323914499
}